Name,Imgur Address,Status,Donated by,Inkbot version,Updated
Aurora Black,http://i.imgur.com/Gw0bxL8.jpg,1 Active in InkBot!,,InkBot v1.0,
Blackstone Barrier Reef Blue ,http://i.imgur.com/MxAlFKB.jpg,1 Active in InkBot!,,InkBot v2.0.2,
Caran d'Ache Caribbean Sea,http://i.imgur.com/nR374aR.jpg,1 Active in InkBot!,/u/elenchermind,InkBot v1.0,
Caran d'Ache Cosmic Black,http://i.imgur.com/QjcUuKZ.jpg,1 Active in InkBot!,,InkBot v1.0,
Caran d'Ache Delicate Green,http://i.imgur.com/3reRxcc.jpg,1 Active in InkBot!,,InkBot v1.0,
Caran d'Ache Divine Pink,http://i.imgur.com/e5Zrwhh.jpg,1 Active in InkBot!,,InkBot v1.0,
Caran d'Ache Hypnotic Turquoise,http://i.imgur.com/17lPYSS.jpg,1 Active in InkBot!,,InkBot v1.0,
Caran d'Ache Infra Red,http://i.imgur.com/BRMR7RG.jpg,1 Active in InkBot!,,InkBot v1.0,
Caran d'Ache UltraViolet,http://i.imgur.com/h7TvTYW.jpg,1 Active in InkBot!,,InkBot v1.0,
De Atramentis Alexander Hamilton,http://i.imgur.com/yP4GjU5.jpg,1 Active in InkBot!,/u/thisisbionic,Inkbot v3.0,
De Atramentis Aubergine,http://i.imgur.com/tD6VN35.jpg,1 Active in InkBot!,,Inkbot v2.0,
De Atramentis Black-Brown,http://i.imgur.com/aXDF0HV.jpg,1 Active in InkBot!,,Inkbot v2.0,
De Atramentis Fog Grey,http://i.imgur.com/8RaL0MU.jpg,1 Active in InkBot!,,Inkbot v2.0,
De Atramentis Indigo Blue,http://i.imgur.com/JDv5LxS.jpg,1 Active in InkBot!,,InkBot v1.0,
De Atramentis Jane Austen,http://i.imgur.com/nAC36gi.jpg,1 Active in InkBot!,,InkBot v2.0.2,
De Atramentis Khaki,http://i.imgur.com/T6wdpLO.jpg,1 Active in InkBot!,,InkBot v2.0.1,
De Atramentis Lilac,http://i.imgur.com/Dj5naMZ.jpg,1 Active in InkBot!,,InkBot v1.0,
De Atramentis Midnight Blue,http://i.imgur.com/dm3SSZM.jpg,1 Active in InkBot!,/u/eavesthegiant,InkBot v2.0.1,
De Atramentis Pigeon Blue,http://i.imgur.com/ek4Zb1Q.jpg,1 Active in InkBot!,,InkBot v1.0,
De Atramentis Sepia Brown,http://i.imgur.com/lZcNFV4.jpg,1 Active in InkBot!,,Inkbot v2.0,
De Atramentis Violets,http://i.imgur.com/ZCvwg6S.jpg,1 Active in InkBot!,,InkBot v1.0,
Diamine Ancient Copper,http://i.imgur.com/xrusJuV.jpg,1 Active in InkBot!,,InkBot v1.0,
Diamine Asa Blue,http://i.imgur.com/3b0jAaB.jpg,1 Active in InkBot!,,InkBot v2.0.2,
Diamine Autumn Oak,http://i.imgur.com/i2ANFf2.jpg,1 Active in InkBot!,,InkBot v1.0,
Diamine Bilberry,http://i.imgur.com/2rxsbY9.jpg,1 Active in InkBot!,,Inkbot v2.0,
Diamine Blue Velvet,http://i.imgur.com/Qd5xwG8.jpg,1 Active in InkBot!,,Inkbot v2.0,
Diamine Burnt Sienna,http://i.imgur.com/9OSvhud.jpg,1 Active in InkBot!,,Inkbot v2.0,
Diamine Cerise,http://i.imgur.com/72a7AGu.jpg,1 Active in InkBot!,,Inkbot v2.0,
Diamine Chocolate Brown,http://i.imgur.com/1N2A8xY.jpg,1 Active in InkBot!,,Inkbot v2.0,
Diamine Denim,http://i.imgur.com/Su2qxPb.jpg,1 Active in InkBot!,,InkBot v2.0.2,
Diamine Eau de Nil,http://i.imgur.com/WGT2BrJ.jpg,1 Active in InkBot!,,InkBot v1.0,
Diamine Eclipse,http://i.imgur.com/fplz6jv.jpg,1 Active in InkBot!,,InkBot v1.0,
Diamine Emerald,http://i.imgur.com/blVnpvE.jpg,1 Active in InkBot!,,Inkbot v2.0,
Diamine Golden Brown,http://i.imgur.com/leZa5tz.jpg,1 Active in InkBot!,,Inkbot v2.0,
Diamine Grape,http://i.imgur.com/OIeVrbd.jpg,1 Active in InkBot!,,InkBot v1.0,
Diamine Graphite,http://i.imgur.com/rBPtFLQ.jpg,1 Active in InkBot!,,InkBot v2.0.2,
Diamine Hope Pink,http://i.imgur.com/QN4wvKz.jpg,1 Active in InkBot!,,Inkbot v2.0,
Diamine Imperial Purple,http://i.imgur.com/HCAXSoL.jpg,1 Active in InkBot!,,InkBot v1.0,
Diamine Jade Green,http://i.imgur.com/TpekLSX.jpg,1 Active in InkBot!,,Inkbot v2.0,
Diamine Kelly Green,http://i.imgur.com/Z4iAur0.jpg,1 Active in InkBot!,,InkBot v1.0,
Diamine Macassar,http://i.imgur.com/tiZCxeY.jpg,1 Active in InkBot!,,InkBot v2.0.2,
Diamine Majestic Blue,http://i.imgur.com/S1SPTQz.jpg,1 Active in InkBot!,,InkBot v1.0,
Diamine Majestic Purple,http://i.imgur.com/NxlluVu.jpg,1 Active in InkBot!,,InkBot v1.0,
Diamine Matador,http://i.imgur.com/Nulnxkw.jpg,1 Active in InkBot!,,InkBot v1.0,
Diamine Meadow,http://i.imgur.com/VRWnMdW.jpg,1 Active in InkBot!,,InkBot v2.0.2,
Diamine Mediterranean Blue,http://i.imgur.com/ubYYrFA.jpg,1 Active in InkBot!,,InkBot v2.0.2,
Diamine Midnight Ink,http://i.imgur.com/I2cZdQy.jpg,1 Active in InkBot!,,InkBot v2.0.2,
Diamine Monaco Red,http://i.imgur.com/uqOIcnf.jpg,1 Active in InkBot!,,Inkbot v2.0,
Diamine Ochre,http://i.imgur.com/XtmMRzn.jpg,1 Active in InkBot!,,Inkbot v2.0,
Diamine Onyx Black,http://i.imgur.com/FFzXKGZ.jpg,1 Active in InkBot!,,InkBot v1.0,
Diamine Orange,http://i.imgur.com/qQxHJlp.jpg,1 Active in InkBot!,,InkBot v1.0,
Diamine Poppy Red,http://i.imgur.com/BySaZk8.jpg,1 Active in InkBot!,,InkBot v1.0,
Diamine Prussian Blue,http://i.imgur.com/hcHjSa6.jpg,1 Active in InkBot!,,Inkbot v2.0,
Diamine Pumpkin,http://i.imgur.com/1xoJu0G.jpg,1 Active in InkBot!,,InkBot v1.0,
Diamine Raw Sienna,http://i.imgur.com/UfefJev.jpg,1 Active in InkBot!,,Inkbot v2.0,
Diamine Red Dragon,http://i.imgur.com/yaxe190.jpg,1 Active in InkBot!,,InkBot v1.0,
Diamine Regency Blue,http://i.imgur.com/sz4qzvv.jpg,1 Active in InkBot!,,Inkbot v2.0,
Diamine Registrar's Blue Black,http://i.imgur.com/vzzFEiu.jpg,1 Active in InkBot!,/u/elenchermind,InkBot v1.0,
Diamine Saddle Brown,http://i.imgur.com/IflWiLG.jpg,1 Active in InkBot!,,Inkbot v2.0,
Diamine Safari,http://i.imgur.com/giz0Rjc.jpg,1 Active in InkBot!,,Inkbot v2.0,
Diamine Salamander,http://i.imgur.com/kvZk4er.jpg,1 Active in InkBot!,,InkBot v2.0.2,
Diamine Sargasso Sea,http://i.imgur.com/8bOfZAz.jpg,1 Active in InkBot!,,InkBot v1.0,
Diamine Sepia,http://i.imgur.com/9blJWAY.jpg,1 Active in InkBot!,,Inkbot v2.0,
Diamine Sherwood Green,http://i.imgur.com/0sK642O.jpg,1 Active in InkBot!,,InkBot v1.0,
Diamine Shimmertastic Blue Lightning,http://i.imgur.com/Ur8P9BF.jpg,1 Active in InkBot!,,Inkbot v2.0,
Diamine Shimmertastic Blue Pearl,http://i.imgur.com/Tgmmo4h.jpg,1 Active in InkBot!,,Inkbot v2.0,
Diamine Shimmertastic Brandy Dazzle,http://i.imgur.com/N05CxxF.jpg,1 Active in InkBot!,,Inkbot v2.0,
Diamine Shimmertastic Golden Sands,http://i.imgur.com/NuiaWGT.jpg,1 Active in InkBot!,,Inkbot v2.0,
Diamine Shimmertastic Magical Forest,http://i.imgur.com/z96nrHw.jpg,1 Active in InkBot!,,Inkbot v2.0,
Diamine Shimmertastic Purple Pazazz,http://i.imgur.com/zb1sKhh.jpg,1 Active in InkBot!,,Inkbot v2.0,
Diamine Shimmertastic Red Lustre,http://i.imgur.com/BIqm6Me.jpg,1 Active in InkBot!,,Inkbot v2.0,
Diamine Shimmertastic Shimmering Seas,http://i.imgur.com/xmt9EK9.jpg,1 Active in InkBot!,,Inkbot v2.0,
Diamine Silver Fox,http://i.imgur.com/KYXfbbM.jpg,1 Active in InkBot!,,Inkbot v2.0,
Diamine Soft Mint,http://i.imgur.com/WOBKXr9.jpg,1 Active in InkBot!,,InkBot v1.0,
Diamine Steel Blue,http://i.imgur.com/QVnrvuE.jpg,1 Active in InkBot!,,InkBot v1.0,
Diamine Sunset,http://i.imgur.com/bdpOEcv.jpg,1 Active in InkBot!,,InkBot v1.0,
Diamine Sunshine Yellow,http://i.imgur.com/PDvlB9K.jpg,1 Active in InkBot!,,InkBot v1.0,
Diamine Syrah,http://i.imgur.com/lIFyhPc.jpg,1 Active in InkBot!,,InkBot v1.0,
Diamine Teal,http://i.imgur.com/ElZniVe.jpg,1 Active in InkBot!,,InkBot v1.0,
Diamine Terracotta,http://i.imgur.com/4pgp0KW.jpg,1 Active in InkBot!,,Inkbot v2.0,
Diamine Twilight,http://i.imgur.com/QghvMel.jpg,1 Active in InkBot!,,InkBot v2.0.2,
Diamine Wild Strawberry,http://i.imgur.com/dJHi8vu.jpg,1 Active in InkBot!,,InkBot v1.0,
Diamine Woodland Green Ink,http://i.imgur.com/aKuYkm9.jpg,1 Active in InkBot!,,InkBot v2.0.2,
Franklin Christoph Terra Firma,http://i.imgur.com/WZoeP0I.jpg,1 Active in InkBot!,/u/eavesthegiant,InkBot v2.0.1,
Graf Von Faber Castell Carbon Black,http://i.imgur.com/RPssYGe.jpg,1 Active in InkBot!,/u/elenchermind,InkBot v1.0,
Graf von Faber Castell Hazelnut Brown,http://i.imgur.com/BQtSoJS.jpg,1 Active in InkBot!,,Inkbot v2.0,
Graf von Faber Castell Stone Grey,http://i.imgur.com/0EirfAI.jpg,1 Active in InkBot!,,Inkbot v2.0,
Graf von Faber-Castell Deep Sea Green,http://i.imgur.com/uVHbBYu.jpg,1 Active in InkBot!,,InkBot v2.0.2,
J Herbin 1670 Emerald of Chivor,http://i.imgur.com/eEZYuNZ.jpg,1 Active in InkBot!,,InkBot v1.0,
J Herbin 1670 Rouge Hematite,http://i.imgur.com/xpkIKYz.jpg,1 Active in InkBot!,,InkBot v1.0,
J Herbin 1670 Stormy Gray,http://i.imgur.com/4lAmZe0.jpg,1 Active in InkBot!,,InkBot v1.0,
J Herbin Cafe des Iles,http://i.imgur.com/eIrGFLv.jpg,1 Active in InkBot!,,Inkbot v2.0,
J Herbin Lie de The,http://i.imgur.com/8SSmkpH.jpg,1 Active in InkBot!,,InkBot v1.0,
J Herbin Lierre Sauvage,http://i.imgur.com/xg2vAxK.jpg,1 Active in InkBot!,,InkBot v1.0,
J Herbin Orange Indien,http://i.imgur.com/TNS5N7W.jpg,1 Active in InkBot!,,Inkbot v2.0,
J Herbin Perle Noir,http://i.imgur.com/yb7oqQ5.jpg,1 Active in InkBot!,,InkBot v1.0,
J Herbin Poussiere de Lune,http://i.imgur.com/m8Dhomh.jpg,1 Active in InkBot!,,InkBot v1.0,
J Herbin Vert Olive,http://i.imgur.com/ZAfStGC.jpg,1 Active in InkBot!,,InkBot v1.0,
J Herbin Vert Pre,http://i.imgur.com/qP1S0B6.jpg,1 Active in InkBot!,,InkBot v1.0,
J Herbin Vert Reseda,http://i.imgur.com/mE6bP2v.jpg,1 Active in InkBot!,,InkBot v1.0,
J. Herbin Vert Empire,http://i.imgur.com/wv1C1um.jpg,1 Active in InkBot!,,InkBot v2.0.2,
Kaweco Palm Green,http://i.imgur.com/PVHhMSD.jpg,1 Active in InkBot!,,InkBot v2.0.2,
KWZI #20,http://i.imgur.com/KLxI2i6.jpg,1 Active in InkBot!,,InkBot v1.0,
KWZI #26,http://i.imgur.com/GDmLCvo.jpg,1 Active in InkBot!,,InkBot v1.0,
KWZI #27,http://i.imgur.com/eT3HGCq.jpg,1 Active in InkBot!,/u/elenchermind,InkBot v1.0,
KWZI #38,http://i.imgur.com/e95zLxa.jpg,1 Active in InkBot!,,InkBot v1.0,
KWZI #46,http://i.imgur.com/8o2qOKO.jpg,1 Active in InkBot!,,InkBot v1.0,
KWZI #47,http://i.imgur.com/ueRhd4J.jpg,1 Active in InkBot!,,InkBot v1.0,
KWZI Azure #4,http://i.imgur.com/Qp50en2.jpg,1 Active in InkBot!,,Inkbot v2.0,
KWZI Cherry,http://i.imgur.com/vMQj9KL.jpg,1 Active in InkBot!,,Inkbot v2.0,
KWZI Grass Green,http://i.imgur.com/MQw8k9B.jpg,1 Active in InkBot!,,Inkbot v2.0,
KWZI GummiBerry,http://i.imgur.com/QaO3rIG.jpg,1 Active in InkBot!,,Inkbot v2.0,
KWZI Honey,http://i.imgur.com/6OKSaIE.jpg,1 Active in InkBot!,,Inkbot v2.0,
KWZI Iron Gall Gold,http://i.imgur.com/6htq0vP.jpg,1 Active in InkBot!,,Inkbot v2.0,
KWZI Iron Gall Gummiberry,http://i.imgur.com/2bXuNx2.jpg,1 Active in InkBot!,,Inkbot v2.0,
KWZI Iron Gall Turquoise,http://i.imgur.com/1GvzT42.jpg,1 Active in InkBot!,,Inkbot v2.0,
KWZI Menthol Green,http://i.imgur.com/k7f4Mqi.jpg,1 Active in InkBot!,,Inkbot v2.0,
KWZI Old Gold,http://i.imgur.com/55VhqK4.jpg,1 Active in InkBot!,,Inkbot v2.0,
Lamy Dark Lilac,http://i.imgur.com/vEUnshz.jpg,1 Active in InkBot!,,InkBot v2.0.2,
Lamy Neon Lime,http://i.imgur.com/MayjWqd.jpg,1 Active in InkBot!,,Inkbot v2.0,
Lamy Turquoise,http://i.imgur.com/MPmS9GO.jpg,1 Active in InkBot!,,Inkbot v2.0,
Levenger Pinkly,http://i.imgur.com/l04xrEY.jpg,1 Active in InkBot!,/u/89314,Inkbot v3.0,
Levenger True Teal,http://i.imgur.com/wA9IYEA.jpg,1 Active in InkBot!,,InkBot v2.0.1,
Maruzen Athena: Black,http://i.imgur.com/onwPoZS.jpg,1 Active in InkBot!,/u/arctic_wolf_lol,Inkbot v2.0.3,
Montblanc Corn Poppy Red,http://i.imgur.com/c0tqDQr.jpg,1 Active in InkBot!,,InkBot v1.0,
Montblanc Honore de Balzac Dandy Turquoise,http://i.imgur.com/6aEYhsS.jpg,1 Active in InkBot!,/u/elenchermind,InkBot v1.0,
Montblanc Irish Green,http://i.imgur.com/p9A0lRQ.jpg,1 Active in InkBot!,,InkBot v1.0,
Montblanc Lavender Purple,http://i.imgur.com/xCiEu9E.jpg,1 Active in InkBot!,,InkBot v2.0.2,
Montblanc Mystery Black,http://i.imgur.com/6DSKuTA.jpg,1 Active in InkBot!,,InkBot v1.0,
Montblanc Oyster Grey,http://i.imgur.com/Btl3sT4.jpg,1 Active in InkBot!,,Inkbot v2.0,
Montblanc Pink,http://i.imgur.com/J7pMknb.jpg,1 Active in InkBot!,,Inkbot v2.0.3,
Montblanc Racing Green,http://i.imgur.com/XSYncde.jpg,1 Active in InkBot!,/u/89314,Inkbot v3.0,
Montblanc Royal Blue,http://i.imgur.com/9yTkSJH.jpg,1 Active in InkBot!,/u/CuSetanta,InkBot v2.0.1,
Montblanc Toffee Brown,http://i.imgur.com/Kx43nqS.jpg,1 Active in InkBot!,,Inkbot v2.0,
Montblanc Violet,http://i.imgur.com/kyALO07.jpg,1 Active in InkBot!,/u/89314,Inkbot v3.0,
Montegrappa Bordeaux,http://i.imgur.com/dlNF9Td.jpg,1 Active in InkBot!,,InkBot v1.0,
Monteverde Brown,http://i.imgur.com/or2MZHd.jpg,1 Active in InkBot!,,Inkbot v2.0,
Noodler's Air Corp Blue Black,http://i.imgur.com/xCM8E1y.jpg,1 Active in InkBot!,,InkBot v1.0,
Noodler's Antietam,http://i.imgur.com/iSuxqnb.jpg,1 Active in InkBot!,,InkBot v1.0,
Noodler's Bad Belted Kingfisher,http://i.imgur.com/pnGo4H6.jpg,1 Active in InkBot!,/u/eavesthegiant,InkBot v2.0.1,
Noodler's Baystate Concord Grape,http://i.imgur.com/ESTevXu.jpg,1 Active in InkBot!,,InkBot v1.0,
Noodler's Baystate Cranberry,http://i.imgur.com/ImtX3QQ.jpg,1 Active in InkBot!,,InkBot v1.0,
Noodler's Bernanke Black,http://i.imgur.com/6WBeq1Z.jpg,1 Active in InkBot!,,InkBot v1.0,
Noodler's Bernanke Blue,http://i.imgur.com/V0N6tmq.jpg,1 Active in InkBot!,/u/75footubi,InkBot v2.0.1,
Noodler's Berning Red,http://i.imgur.com/8zsyMGF.jpg,1 Active in InkBot!,,Inkbot v2.0,
Noodler's Black Swan in Australian Roses,http://i.imgur.com/KG8OMO2.jpg,1 Active in InkBot!,,InkBot v1.0,
Noodler's Bluerase,http://i.imgur.com/zIxmanZ.jpg,1 Active in InkBot!,,InkBot v1.0,
Noodler's Borealis Black,http://i.imgur.com/JWeACpq.jpg,1 Active in InkBot!,,InkBot v1.0,
Noodler's Brown,http://i.imgur.com/JGuuTae.jpg,1 Active in InkBot!,,Inkbot v2.0,
Noodler's Bulletproof Black,http://i.imgur.com/uQUEFoU.jpg,1 Active in InkBot!,,InkBot v1.0,
Noodler's Burgundy,http://i.imgur.com/RLluRCf.jpg,1 Active in InkBot!,,InkBot v1.0,
Noodler's Burma Road Brown,http://i.imgur.com/W8UJsDD.jpg,1 Active in InkBot!,,Inkbot v2.0,
Noodler's Cactus Fruit Eel,http://i.imgur.com/tmLAitx.jpg,1 Active in InkBot!,,InkBot v1.0,
Noodler's Cayenne,http://i.imgur.com/HnxUIUA.jpg,1 Active in InkBot!,,InkBot v1.0,
Noodler's Concord Bream,http://i.imgur.com/euVJx88.jpg,1 Active in InkBot!,,InkBot v1.0,
Noodler's Dark Matter,http://i.imgur.com/xJqXweE.jpg,1 Active in InkBot!,,InkBot v1.0,
Noodler's Dragon Napalm,http://i.imgur.com/G2vdpkY.jpg,1 Active in InkBot!,,InkBot v1.0,
Noodler's El Lawrence,http://i.imgur.com/AR8L2HU.jpg,1 Active in InkBot!,,Inkbot v2.0,
Noodler's Firefly,http://i.imgur.com/6N6VZKQ.jpg,1 Active in InkBot!,/u/for_want_of_a_puzzle,Inkbot v2.0,
Noodler's Fox,http://i.imgur.com/wH9ajei.jpg,1 Active in InkBot!,,InkBot v2.0.2,
Noodler's General of the Armies,http://i.imgur.com/Ejpb1fE.jpg,1 Active in InkBot!,,InkBot v1.0,
Noodler's Golden Brown,http://i.imgur.com/lm7TBKn.jpg,1 Active in InkBot!,,Inkbot v2.0,
Noodler's Green Marine,http://i.imgur.com/iDzdbIW.jpg,1 Active in InkBot!,,InkBot v2.0.2,
Noodler's Heart of Darkness,http://i.imgur.com/XzIJ3XJ.jpg,1 Active in InkBot!,,InkBot v1.0,
Noodler's Hellfire HL,http://i.imgur.com/DfFa4F3.jpg,1 Active in InkBot!,,Inkbot v2.0,
Noodler's Hunter Green,http://i.imgur.com/IG4c4Wg.jpg,1 Active in InkBot!,,InkBot v2.0.2,
Noodler's Kiowa Pecan,http://i.imgur.com/ZMKN0vp.jpg,1 Active in InkBot!,,Inkbot v2.0,
Noodler's Kung-Te-Cheng,http://i.imgur.com/77JToQ5.jpg,1 Active in InkBot!,,InkBot v1.0,
Noodler's La Couleur Royal,http://i.imgur.com/6RSy5j3.jpg,1 Active in InkBot!,,InkBot v2.0.2,
Noodler's La Reine Mauve,http://i.imgur.com/ZW8GbCn.jpg,1 Active in InkBot!,,InkBot v1.0,
Noodler's Lexington Gray,http://i.imgur.com/b5nJegk.jpg,1 Active in InkBot!,,Inkbot v2.0,
Noodler's Lightning Blue,http://i.imgur.com/VvXceb1.jpg,1 Active in InkBot!,,InkBot v1.0,
Noodler's Luxury Blue,http://i.imgur.com/n8dRtLL.jpg,1 Active in InkBot!,,InkBot v1.0,
Noodler's Nikita,http://i.imgur.com/yxulJNS.jpg,1 Active in InkBot!,,InkBot v1.0,
Noodler's Ottoman Azure,http://i.imgur.com/gj9GIkY.jpg,1 Active in InkBot!,/u/eavesthegiant,InkBot v2.0.1,
Noodler's Park (Sang Hak) Red,http://i.imgur.com/DPPLlCL.jpg,1 Active in InkBot!,,InkBot v1.0,
Noodler's Purple,http://i.imgur.com/6s9rgOQ.jpg,1 Active in InkBot!,,InkBot v1.0,
Noodler's Rachmaninoff,http://i.imgur.com/AEWl495.jpg,1 Active in InkBot!,,InkBot v1.0,
Noodler's Red,http://i.imgur.com/7WZEVVo.jpg,1 Active in InkBot!,,InkBot v1.0,
Noodler's Rome Burning,http://i.imgur.com/CxExqVs.jpg,1 Active in InkBot!,,InkBot v1.0,
Noodler's Saguaro Wine,http://i.imgur.com/4YoQlS1.jpg,1 Active in InkBot!,,InkBot v1.0,
Noodler's Squeteague,http://i.imgur.com/KtOh4b4.jpg,1 Active in InkBot!,,InkBot v1.0,
Noodler's V-Mail North African Violet,http://i.imgur.com/V2eb5dW.jpg,1 Active in InkBot!,,InkBot v1.0,
Noodler's V-Mail Operation Overlord Orange,http://i.imgur.com/It0tR3w.jpg,1 Active in InkBot!,,InkBot v1.0,
Noodler's Violet,http://i.imgur.com/jiZgDU3.jpg,1 Active in InkBot!,,InkBot v1.0,
Noodler's Walnut,http://i.imgur.com/A4VJFiO.jpg,1 Active in InkBot!,,Inkbot v2.0,
Noodler's X-feather,http://i.imgur.com/ERUYbIs.jpg,1 Active in InkBot!,,InkBot v1.0,
Noodler's Yellow,http://i.imgur.com/CUqevkS.jpg,1 Active in InkBot!,,InkBot v1.0,
Noodler's Zhivago,http://i.imgur.com/HOsbuww.jpg,1 Active in InkBot!,,InkBot v1.0,
Omas Green,http://i.imgur.com/g80nSes.jpg,1 Active in InkBot!,/u/arctic_wolf_lol,Inkbot v2.0.3,
Omas Turquoise,http://i.imgur.com/EYsflyj.jpg,1 Active in InkBot!,/u/arctic_wolf_lol,Inkbot v2.0.3,
Omas Violet,http://i.imgur.com/QcqUQrU.jpg,1 Active in InkBot!,/u/arctic_wolf_lol,Inkbot v2.0.3,
Organics Studio Blue Merle,http://i.imgur.com/NTD2Xoj.jpg,1 Active in InkBot!,/u/elenchermind,InkBot v1.0,
Organics Studio Marie Curie's Radium,http://i.imgur.com/V0b3hhq.jpg,1 Active in InkBot!,/u/for_want_of_a_puzzle,Inkbot v2.0,
P.W. Akkerman #21 ChinaTown Red,http://i.imgur.com/n1oFHBy.jpg,1 Active in InkBot!,,InkBot v1.0,
Parker Penman Sapphire,http://i.imgur.com/ac3xHnv.jpg,1 Active in InkBot!,/u/thebrimic,InkBot v1.0,
Parker Quink Blue-Black,http://i.imgur.com/29m4jZZ.jpg,1 Active in InkBot!,/u/CuSetanta,InkBot v2.0.1,
Pelikan Brilliant Black,http://i.imgur.com/kVEMGwb.jpg,1 Active in InkBot!,,InkBot v1.0,
Pelikan Edelstein Amber (Ink of the year 2013),http://i.imgur.com/45p6PlH.jpg,1 Active in InkBot!,/u/arctic_wolf_lol,Inkbot v2.0.3,
Pelikan Edelstein Amethyst,http://i.imgur.com/bygMP7c.jpg,1 Active in InkBot!,,Inkbot v2.0,
Pelikan Edelstein Aquamarine,http://i.imgur.com/NTzrHi6.jpg,1 Active in InkBot!,,InkBot v2.0.2,
Pelikan Edelstein Garnet (Ink of the year 2014),http://i.imgur.com/7Q8IES1.jpg,1 Active in InkBot!,/u/arctic_wolf_lol,Inkbot v2.0.3,
Pelikan Edelstein Jade,http://i.imgur.com/7DY2VD0.jpg,1 Active in InkBot!,,Inkbot v2.0.3,
Pelikan Edelstein Mandarin,http://i.imgur.com/e27FrHY.jpg,1 Active in InkBot!,,Inkbot v2.0,
Pelikan Edelstein Onyx,http://i.imgur.com/W20c8KV.jpg,1 Active in InkBot!,,InkBot v1.0,
Pelikan Edelstein Tanzanite,http://i.imgur.com/s9b5o1X.jpg,1 Active in InkBot!,,InkBot v1.0,
Pelikan Edelstein Topaz,http://i.imgur.com/GVc9weW.jpg,1 Active in InkBot!,,Inkbot v2.0.3,
Pelikan Edelstein Turmaline (Ink of the year 2012),http://i.imgur.com/ralH46n.jpg,1 Active in InkBot!,/u/arctic_wolf_lol,Inkbot v2.0.3,
Pelikan m205 Duo Green Highlighter,http://i.imgur.com/s2aKjLV.jpg,1 Active in InkBot!,,InkBot v1.0,
Pilot Iroshizuku Aji-sai,http://i.imgur.com/o1fBKN5.jpg,1 Active in InkBot!,/u/casual-fribsday,InkBot v2.0.1,
Pilot Iroshizuku Ama-Iro,http://i.imgur.com/XbtcVyk.jpg,1 Active in InkBot!,,InkBot v2.0.2,
Pilot Iroshizuku Asa-gao,http://i.imgur.com/DNnq18u.jpg,1 Active in InkBot!,,InkBot v1.0,
Pilot Iroshizuku Chiku-Rin,http://i.imgur.com/7Gv8fL7.jpg,1 Active in InkBot!,/u/arctic_wolf_lol,Inkbot v2.0.3,
Pilot Iroshizuku Fuyu-gaki,http://i.imgur.com/A32BuPK.jpg,1 Active in InkBot!,,InkBot v1.0,
Pilot Iroshizuku Kosumosu,http://i.imgur.com/tTKrYV1.jpg,1 Active in InkBot!,/u/arctic_wolf_lol,Inkbot v2.0.3,
Pilot Iroshizuku Ku-jaku,http://i.imgur.com/VvQvqkR.jpg,1 Active in InkBot!,,InkBot v1.0,
Pilot Iroshizuku Mom-iji,http://i.imgur.com/4aAbQT0.jpg,1 Active in InkBot!,,InkBot v1.0,
Pilot Iroshizuku Murasaki-Shikibu,http://i.imgur.com/GyBCJsV.jpg,1 Active in InkBot!,/u/arctic_wolf_lol,InkBot v2.0.2,
Pilot Iroshizuku Shin-Kai,http://i.imgur.com/mminiNW.jpg,1 Active in InkBot!,/u/eavesthegiant,InkBot v2.0.1,
Pilot Iroshizuku Shin-ryoku,http://i.imgur.com/qrjEcwZ.jpg,1 Active in InkBot!,,InkBot v1.0,
Pilot Iroshizuku Syro-ro,http://i.imgur.com/pNYiex7.jpg,1 Active in InkBot!,,InkBot v1.0,
Pilot Iroshizuku Take-Sumi,http://i.imgur.com/uFqSnLh.jpg,1 Active in InkBot!,,InkBot v1.0,
Pilot Iroshizuku Tsukushi,http://i.imgur.com/SAr78fG.jpg,1 Active in InkBot!,"/u/eavesthegiant, /u/casual-fribsday",InkBot v2.0.1,
Pilot Iroshizuku Tsutsuji,http://i.imgur.com/R3nlN9T.jpg,1 Active in InkBot!,/u/arctic_wolf_lol,Inkbot v2.0.3,
Pilot Iroshizuku Tsuyu-kusa,http://i.imgur.com/IxUB6zB.jpg,1 Active in InkBot!,/u/casual-fribsday,InkBot v2.0.1,
Pilot Iroshizuku Yu-yake,http://i.imgur.com/5Z4Qzmy.jpg,1 Active in InkBot!,,InkBot v1.0,
Platinum Carbon Black,http://i.imgur.com/tAsv8D2.jpg,1 Active in InkBot!,,InkBot v1.0,
Private Reserve American Blue,http://i.imgur.com/JosVpxN.jpg,1 Active in InkBot!,,Inkbot v3.0,
Private Reserve Arabian Rose,http://i.imgur.com/I0DaO2d.jpg,1 Active in InkBot!,,Inkbot v3.0,
Private Reserve Avacado,http://i.imgur.com/aDy1QoT.jpg,1 Active in InkBot!,,InkBot v1.0,
Private Reserve Black Cherry,http://i.imgur.com/9heekyG.jpg,1 Active in InkBot!,,Inkbot v3.0,
Private Reserve Blue Suede (new formula),http://i.imgur.com/k3EozGA.jpg,1 Active in InkBot!,,InkBot v1.0,
Private Reserve Blue Suede (original),http://i.imgur.com/DL9a3ug.jpg,1 Active in InkBot!,,InkBot v1.0,
Private Reserve Burgundy Mist,http://i.imgur.com/nCLx6zF.jpg,1 Active in InkBot!,,Inkbot v3.0,
Private Reserve Buttercup,http://i.imgur.com/9e8mwCe.jpg,1 Active in InkBot!,,Inkbot v3.0,
Private Reserve Cadillac Green,http://i.imgur.com/hFLeEBe.jpg,1 Active in InkBot!,,Inkbot v3.0,
Private Reserve Chocolat,http://i.imgur.com/Xv5bUqP.jpg,1 Active in InkBot!,,Inkbot v2.0,
Private Reserve Copper Burst,http://i.imgur.com/qlYSaMI.jpg,1 Active in InkBot!,,Inkbot v3.0,
Private Reserve DC Supershow Blue,http://i.imgur.com/BW2HEFP.jpg,1 Active in InkBot!,,InkBot v1.0,
Private Reserve DC Supershow Violet,http://i.imgur.com/cxOxWQe.jpg,1 Active in InkBot!,,InkBot v1.0,
Private Reserve Ebony Blue,http://i.imgur.com/1qgjxaF.jpg,1 Active in InkBot!,,InkBot v1.0,
Private Reserve Electric DC Blue,http://i.imgur.com/bHbQCn9.jpg,1 Active in InkBot!,,Inkbot v2.0.3,
Private Reserve Gray Flannel,http://i.imgur.com/oYVKpD6.jpg,1 Active in InkBot!,,Inkbot v3.0,
Private Reserve Lake Placid Blue,http://i.imgur.com/uZ88q3I.jpg,1 Active in InkBot!,,Inkbot v3.0,
Private Reserve Midnight Blues,http://i.imgur.com/ug2v56M.jpg,1 Active in InkBot!,,Inkbot v3.0,
Private Reserve Naples Blue,http://i.imgur.com/07QaejI.jpg,1 Active in InkBot!,,InkBot v1.0,
Private Reserve Plum,http://i.imgur.com/g5CYdKL.jpg,1 Active in InkBot!,,InkBot v1.0,
Private Reserve Purple Mojo,http://i.imgur.com/qIILQQd.jpg,1 Active in InkBot!,,Inkbot v3.0,
Private Reserve Sepia,http://i.imgur.com/HM1SKAY.jpg,1 Active in InkBot!,,Inkbot v2.0,
Private Reserve Sherwood Green,http://i.imgur.com/PIRbbkX.jpg,1 Active in InkBot!,,InkBot v1.0,
Private Reserve Shoreline Gold,http://i.imgur.com/M6unzYH.jpg,1 Active in InkBot!,,Inkbot v3.0,
Private Reserve Sonic Blue,http://i.imgur.com/dBAZylO.jpg,1 Active in InkBot!,,Inkbot v3.0,
Private Reserve Spearmint,http://i.imgur.com/6R6pIyV.jpg,1 Active in InkBot!,,InkBot v1.0,
Private Reserve Tanzanite Ink,http://i.imgur.com/QHcALRX.jpg,1 Active in InkBot!,,InkBot v2.0.2,
Private Reserve Tropical Blue,http://i.imgur.com/UgYZIOI.jpg,1 Active in InkBot!,,Inkbot v3.0,
Private Reserve Vampire Red,http://i.imgur.com/nT2kA6N.jpg,1 Active in InkBot!,,Inkbot v3.0,
Rohrer & Klingner Alt-Goldgrun,http://i.imgur.com/fAraT0F.jpg,1 Active in InkBot!,,InkBot v1.0,
Rohrer & Klingner Helianthus,http://i.imgur.com/Y7JmUlk.jpg,1 Active in InkBot!,,InkBot v1.0,
Rohrer & Klingner Salix,http://i.imgur.com/9dM7R65.jpg,1 Active in InkBot!,,InkBot v1.0,
Rohrer & Klingner Scabiosa,http://i.imgur.com/8BDA53q.jpg,1 Active in InkBot!,,InkBot v1.0,
Rohrer & Klingner Sepia,http://i.imgur.com/DBPadOR.jpg,1 Active in InkBot!,,Inkbot v2.0,
Rohrer & Klingner Solferino,http://i.imgur.com/lSjNCvY.jpg,1 Active in InkBot!,,InkBot v1.0,
Rohrer & Klingner Verdura,http://i.imgur.com/5svLJJ5.jpg,1 Active in InkBot!,,InkBot v1.0,
Sailor BungBox 88 Green Tea,http://i.imgur.com/BhV4Csj.jpg,1 Active in InkBot!,/u/arctic_wolf_lol,InkBot v2.0.2,
Sailor BungBox Cherry Blossom,http://i.imgur.com/hcxCSS4.jpg,1 Active in InkBot!,/u/arctic_wolf_lol,InkBot v2.0.2,
Sailor BungBox Fresh Oranges of Lake Hamana,http://i.imgur.com/uq3Fad7.jpg,1 Active in InkBot!,/u/arctic_wolf_lol,InkBot v2.0.2,
Sailor BungBox Fuji Blue,http://i.imgur.com/8ntzWoj.jpg,1 Active in InkBot!,,InkBot v1.0,
Sailor BungBox Hatsuyume Aofuji,http://i.imgur.com/JwAHfdn.jpg,1 Active in InkBot!,/u/arctic_wolf_lol,InkBot v2.0.2,
Sailor BungBox June Bride,http://i.imgur.com/zOxVWEX.jpg,1 Active in InkBot!,/u/elenchermind,InkBot v1.0,
Sailor BungBox Kotohogi Kurenai,http://i.imgur.com/CplPnXo.jpg,1 Active in InkBot!,/u/arctic_wolf_lol,InkBot v2.0.2,
Sailor BungBox L'Amant,http://i.imgur.com/9R7Ahtc.jpg,1 Active in InkBot!,/u/kmidre,InkBot v1.0,
Sailor BungBox Mother Pink,http://i.imgur.com/1jSlIWz.jpg,1 Active in InkBot!,/u/arctic_wolf_lol,InkBot v2.0.2,
Sailor BungBox Norwegian Wood,http://i.imgur.com/xNtm2KU.jpg,1 Active in InkBot!,/u/elenchermind,InkBot v1.0,
Sailor BungBox Omaezaki Sea,http://i.imgur.com/zv3zb7K.jpg,1 Active in InkBot!,/u/elenchermind,InkBot v1.0,
Sailor BungBox Omaezaki Sky,http://i.imgur.com/WHgpKcr.jpg,1 Active in InkBot!,/u/kmidre,InkBot v1.0,
Sailor BungBox Omaezaki Sunset,http://i.imgur.com/fEjkaWq.jpg,1 Active in InkBot!,/u/arctic_wolf_lol,InkBot v2.0.2,
Sailor BungBox Piano mahogany,http://i.imgur.com/PrKiqc0.jpg,1 Active in InkBot!,/u/arctic_wolf_lol,Inkbot v2.0.3,
Sailor BungBox Sapphire,http://i.imgur.com/f0XbO9D.jpg,1 Active in InkBot!,,InkBot v1.0,
Sailor BungBox Sweet Love Pink,http://i.imgur.com/xC4RFMp.jpg,1 Active in InkBot!,/u/arctic_wolf_lol,InkBot v2.0.2,
Sailor BungBox Sweet Potato Purple,http://i.imgur.com/FUC7Ztm.jpg,1 Active in InkBot!,/u/arctic_wolf_lol,InkBot v2.0.2,
Sailor BungBox Sweet Potato Yellow,http://i.imgur.com/MQodhkC.jpg,1 Active in InkBot!,/u/elenchermind,InkBot v1.0,
Sailor BungBox Tangerine,http://i.imgur.com/Fq68uLP.jpg,1 Active in InkBot!,/u/thebrimic,InkBot v1.0,
Sailor BungBox Tears of a Clown Ruby,http://i.imgur.com/j0oqkH6.jpg,1 Active in InkBot!,/u/arctic_wolf_lol,InkBot v2.0.2,
Sailor BungBox Tsuyuhikari Light Soup Green,http://i.imgur.com/aKdAkli.jpg,1 Active in InkBot!,/u/arctic_wolf_lol,InkBot v2.0.2,
Sailor BungBox Valentines chocolate,http://i.imgur.com/vXrw9aJ.jpg,1 Active in InkBot!,/u/arctic_wolf_lol,InkBot v2.0.2,
Sailor Jentle Apricot,http://i.imgur.com/sVc5dtQ.jpg,1 Active in InkBot!,/u/thebrimic,InkBot v1.0,
Sailor Jentle Chu-Shu,http://i.imgur.com/Rmxh6qX.jpg,1 Active in InkBot!,/u/arctic_wolf_lol,Inkbot v2.0.3,
Sailor Jentle Doyou,http://i.imgur.com/MCL2aGr.jpg,1 Active in InkBot!,/u/casual-fribsday,InkBot v2.0.1,
Sailor Jentle Fuji-Musume,http://i.imgur.com/8jjGxUp.jpg,1 Active in InkBot!,/u/arctic_wolf_lol,Inkbot v2.0.3,
Sailor Jentle Grenade,http://i.imgur.com/uQPi7zu.jpg,1 Active in InkBot!,,InkBot v1.0,
Sailor Jentle Irori,http://i.imgur.com/6MBPJk8.jpg,1 Active in InkBot!,/u/arctic_wolf_lol,Inkbot v2.0.3,
Sailor Jentle Miruai,http://i.imgur.com/tiY9gH6.jpg,1 Active in InkBot!,/u/casual-fribsday,InkBot v2.0.1,
Sailor Jentle Osmanthus/Kinmokusei,http://i.imgur.com/eZdHYBr.jpg,1 Active in InkBot!,/u/arctic_wolf_lol,Inkbot v2.0.3,
Sailor Jentle Rikyu-Cha,http://i.imgur.com/ZdAy87e.jpg,1 Active in InkBot!,/u/arctic_wolf_lol,Inkbot v2.0.3,
Sailor Jentle Sakura Mori,http://i.imgur.com/yf6Alj9.jpg,1 Active in InkBot!,/u/arctic_wolf_lol,Inkbot v2.0.3,
Sailor Jentle Shigure,http://i.imgur.com/c1izb5D.jpg,1 Active in InkBot!,,InkBot v1.0,
Sailor Jentle Sky High,http://i.imgur.com/3tQyOrV.jpg,1 Active in InkBot!,,InkBot v1.0,
Sailor Jentle Souten,http://i.imgur.com/rOi4f2q.jpg,1 Active in InkBot!,/u/arctic_wolf_lol,InkBot v2.0.2,
Sailor Jentle Tokiwa Matsu,http://i.imgur.com/eXNthWk.jpg,1 Active in InkBot!,/u/arctic_wolf_lol,InkBot v2.0.2,
Sailor Jentle Waka-Uguisu,http://i.imgur.com/mzZBfgp.jpg,1 Active in InkBot!,/u/arctic_wolf_lol,Inkbot v2.0.3,
Sailor Jentle Yama-dori,http://i.imgur.com/nWwb8lI.jpg,1 Active in InkBot!,,InkBot v1.0,
Sailor Jentle Yuki-Akari,http://i.imgur.com/OOVGlmh.jpg,1 Active in InkBot!,/u/arctic_wolf_lol,Inkbot v2.0.3,
Sailor Kingdom Note Dorcus Hopei Binodulosus,http://i.imgur.com/8WHLmSH.jpg,1 Active in InkBot!,/u/arctic_wolf_lol,InkBot v2.0.2,
Sailor Kiwa-Guro,http://i.imgur.com/5TZ25bB.jpg,1 Active in InkBot!,,InkBot v1.0,
Sailor Nioi-Sumire,http://i.imgur.com/p8oc7Ep.jpg,1 Active in InkBot!,,Inkbot v2.0,
Sailor Oku Yama,http://i.imgur.com/LCRur59.jpg,1 Active in InkBot!,,InkBot v1.0,
Sailor Sei Boku,http://i.imgur.com/JIGLh7m.jpg,1 Active in InkBot!,/u/kmidre,InkBot v1.0,
Sailor Storia Balloon Green,http://i.imgur.com/Wq3bYJT.jpg,1 Active in InkBot!,,InkBot v1.0,
Sailor Storia Clown Yellow Green,http://i.imgur.com/MgXMVu0.jpg,1 Active in InkBot!,,InkBot v1.0,
Sailor Storia Dancer Pink,http://i.imgur.com/hjOz9I2.jpg,1 Active in InkBot!,,InkBot v1.0,
Sailor Storia Lion Light Brown,http://i.imgur.com/fmnwUHT.jpg,1 Active in InkBot!,,InkBot v1.0,
Sailor Storia Magic Purple,http://i.imgur.com/93tkvIs.jpg,1 Active in InkBot!,,InkBot v1.0,
Sailor Storia Night Blue,http://i.imgur.com/gdqfsjJ.jpg,1 Active in InkBot!,,InkBot v1.0,
Sailor Storia Spotlight Yellow,http://i.imgur.com/ckJ5jBJ.jpg,1 Active in InkBot!,,InkBot v1.0,
Sheaffer Brown,http://i.imgur.com/hR6SDu0.jpg,1 Active in InkBot!,,Inkbot v2.0,
Sheaffer King's Gold,http://i.imgur.com/L7cT8rL.jpg,1 Active in InkBot!,/u/jb69029,InkBot v1.0,
Sheaffer Skrip Lavender,http://i.imgur.com/hNVtNlp.jpg,1 Active in InkBot!,/u/89314,Inkbot v3.0,
Sheaffer Skrip Red,http://i.imgur.com/M0ULOQ6.jpg,1 Active in InkBot!,,InkBot v1.0,
Stipula Sepia,http://i.imgur.com/N5luQHQ.jpg,1 Active in InkBot!,,Inkbot v2.0,
Toucan Sienna,http://i.imgur.com/6wzYQlm.jpg,1 Active in InkBot!,,Inkbot v2.0,
Visconti Blue,http://i.imgur.com/c9EJgoE.jpg,1 Active in InkBot!,,Inkbot v2.0,
Visconti Sepia,http://i.imgur.com/bcPfo7O.jpg,1 Active in InkBot!,,InkBot v2.0.1,
Visconti Turquoise,http://i.imgur.com/236HRzS.jpg,1 Active in InkBot!,,Inkbot v2.0,
Waterman Audacious Red,http://i.imgur.com/0K1Lv9f.jpg,1 Active in InkBot!,/u/CuSetanta,InkBot v2.0.1,
Waterman Inspired Blue,http://i.imgur.com/3rVmU3f.jpg,1 Active in InkBot!,,InkBot v1.0,
De Atramentis Herbs de Provence,http://i.imgur.com/arMwPlb.jpg,1 Active in InkBot!,,InkBot v1.0,Aug 2016
De Atramentis Petrol,http://i.imgur.com/K8o2o9G.jpg,1 Active in InkBot!,,InkBot v1.0,Aug 2016
Diamine Apple Glory,http://i.imgur.com/9dWwrqI.jpg,1 Active in InkBot!,,InkBot v1.0,Aug 2016
Diamine Aqua Lagoon,http://i.imgur.com/wBu648G.jpg,1 Active in InkBot!,,InkBot v1.0,Aug 2016
Diamine Coral,http://i.imgur.com/PjjgLy6.jpg,1 Active in InkBot!,,InkBot v1.0,Aug 2016
Diamine Marine,http://i.imgur.com/q0FxRs2.jpg,1 Active in InkBot!,,InkBot v1.0,Aug 2016
Diamine Oxblood,http://i.imgur.com/USEwJLz.jpg,1 Active in InkBot!,,InkBot v1.0,Aug 2016
Diamine Peach Haze,http://i.imgur.com/uUi24Vf.jpg,1 Active in InkBot!,,InkBot v1.0,Aug 2016
J Herbin Cacao du Br√©sil,http://i.imgur.com/xAzu3Lg.jpg,1 Active in InkBot!,/u/kukulaj,Inkbot v3.0.1,
Kaweco Paradise Blue,http://i.imgur.com/hMlmh3W.jpg,1 Active in InkBot!,,InkBot v1.0,Aug 2016
Noodler's 54th Massachusetts,http://i.imgur.com/jOwtFUT.jpg,1 Active in InkBot!,,InkBot v1.0,Aug 2016
Noodler's Apache Sunset,http://i.imgur.com/xo8Hing.jpg,1 Active in InkBot!,,InkBot v1.0,Aug 2016
Noodler's Baystate Blue,http://i.imgur.com/rVwh6AK.jpg,1 Active in InkBot!,,InkBot v1.0,Aug 2016
Noodler's Gruene Cactus,http://i.imgur.com/iNQB4xN.jpg,1 Active in InkBot!,,InkBot v1.0,Aug 2016
Noodler's Habanero,http://i.imgur.com/r7yscsX.jpg,1 Active in InkBot!,,InkBot v1.0,Aug 2016
Noodler's Liberty's Elysium,http://i.imgur.com/yk289Lv.jpg,1 Active in InkBot!,,InkBot v1.0,Aug 2016
Noodler's Navy,http://i.imgur.com/HOC98xI.jpg,1 Active in InkBot!,,InkBot v1.0,Aug 2016
Noodler's Turquoise,http://i.imgur.com/HEaX2X4.jpg,1 Active in InkBot!,,InkBot v1.0,Aug 2016
Noodler's Turquoise Eel,http://i.imgur.com/o4mBGcZ.jpg,1 Active in InkBot!,,InkBot v1.0,Aug 2016
Pilot Iroshizuku Kon-peki,http://i.imgur.com/tf9ubNf.jpg,1 Active in InkBot!,,InkBot v1.0,Aug 2016
Pilot Iroshizuku Tsuki-yo,http://i.imgur.com/QIOMzOQ.jpg,1 Active in InkBot!,,InkBot v1.0,Aug 2016
Pilot Iroshizuku Yama-Budo,http://i.imgur.com/UaDSUjF.jpg,1 Active in InkBot!,,InkBot v1.0,Aug 2016
Waterman Harmonious Green,http://i.imgur.com/ClCmDvZ.jpg,1 Active in InkBot!,,InkBot v1.0,Aug 2016
